Username,Restaurant Name,Name en_NZ,Name zh,Name jp,Table State,Sorting Order
takumi@fingermenu.co.nz,Takumi,1,一,1,empty,1
takumi@fingermenu.co.nz,Takumi,2,二,2,empty,2
takumi@fingermenu.co.nz,Takumi,3,三,3,empty,3
takumi@fingermenu.co.nz,Takumi,4,四,4,empty,4
takumi@fingermenu.co.nz,Takumi,5,五,5,empty,5
takumi@fingermenu.co.nz,Takumi,6,6,6,empty,6
takumi@fingermenu.co.nz,Takumi,7,7,7,empty,7
takumi@fingermenu.co.nz,Takumi,8,8,8,empty,8
takumi@fingermenu.co.nz,Takumi,9,9,9,empty,9
takumi@fingermenu.co.nz,Takumi,10,10,10,empty,10
takumi@fingermenu.co.nz,Takumi,11,11,11,empty,11
takumi@fingermenu.co.nz,Takumi,12,12,12,empty,12
takumi@fingermenu.co.nz,Takumi,13,13,13,empty,13
takumi@fingermenu.co.nz,Takumi,14,14,14,empty,14
takumi@fingermenu.co.nz,Takumi,15,15,15,empty,15
takumi@fingermenu.co.nz,Takumi,16,16,16,empty,16